{"auburn": "auburn", "birmingham": "bham", "dothan": "dothan", "florence / muscle shoals": "shoals", "gadsden-anniston": "gadsden", "huntsville / decatur": "huntsville", "mobile": "mobile", "montgomery": "montgomery", "tuscaloosa": "tuscaloosa", "anchorage / mat-su": "anchorage", "fairbanks": "fairbanks", "kenai peninsula": "kenai", "southeast alaska": "juneau", "flagstaff / sedona": "flagstaff", "mohave county": "mohave", "phoenix": "phoenix", "prescott": "prescott", "show low": "showlow", "sierra vista": "sierravista", "tucson": "tucson", "yuma": "yuma", "fayetteville ": "fayar", "fort smith": "fortsmith", "jonesboro": "jonesboro", "little rock": "littlerock", "texarkana": "texarkana", "bakersfield": "bakersfield", "chico": "chico", "fresno / madera": "fresno", "gold country": "goldcountry", "hanford-corcoran": "hanford", "humboldt county": "humboldt", "imperial county": "imperial", "inland empire": "inlandempire", "los angeles": "losangeles", "mendocino county": "mendocino", "merced": "merced", "modesto": "modesto", "monterey bay": "monterey", "orange county": "orangecounty", "palm springs": "palmsprings", "redding": "redding", "sacramento": "sacramento", "san diego": "sandiego", "san francisco bay area": "sfbay", "san luis obispo": "slo", "santa barbara": "santabarbara", "santa maria": "santamaria", "siskiyou county": "siskiyou", "stockton": "stockton", "susanville": "susanville", "ventura county": "ventura", "visalia-tulare": "visalia", "yuba-sutter": "yubasutter", "boulder": "boulder", "colorado springs": "cosprings", "denver": "denver", "eastern CO": "eastco", "fort collins / north CO": "fortcollins", "high rockies": "rockies", "pueblo": "pueblo", "western slope": "westslope", "eastern CT": "newlondon", "hartford": "hartford", "new haven": "newhaven", "northwest CT": "nwct", "delaware": "delaware", "washington": "washingtondc", "broward county": "miami", "daytona beach": "daytona", "florida keys": "keys", "fort lauderdale": "fortlauderdale", "ft myers / SW florida": "fortmyers", "gainesville": "gainesville", "heartland florida": "cfl", "jacksonville": "jacksonville", "lakeland": "lakeland", "miami / dade": "miami", "north central FL": "lakecity", "ocala": "ocala", "okaloosa / walton": "okaloosa", "orlando": "orlando", "panama city": "panamacity", "pensacola": "pensacola", "sarasota-bradenton": "sarasota", "south florida": "miami", "space coast": "spacecoast", "st augustine": "staugustine", "tallahassee": "tallahassee", "tampa bay area": "tampa", "treasure coast": "treasure", "palm beach county": "miami", "albany ": "albanyga", "athens": "athensga", "atlanta": "atlanta", "augusta": "augusta", "brunswick": "brunswick", "columbus ": "columbusga", "macon / warner robins": "macon", "northwest GA": "nwga", "savannah / hinesville": "savannah", "statesboro": "statesboro", "valdosta": "valdosta", "hawaii": "honolulu", "boise": "boise", "east idaho": "eastidaho", "lewiston / clarkston": "lewiston", "twin falls": "twinfalls", "bloomington-normal": "bn", "champaign urbana": "chambana", "chicago": "chicago", "decatur": "decatur", "la salle co": "lasalle", "mattoon-charleston": "mattoon", "peoria": "peoria", "rockford": "rockford", "southern illinois": "carbondale", "springfield ": "springfieldil", "western IL": "quincy", "bloomington": "bloomington", "evansville": "evansville", "fort wayne": "fortwayne", "indianapolis": "indianapolis", "kokomo": "kokomo", "lafayette / west lafayette": "tippecanoe", "muncie / anderson": "muncie", "richmond ": "richmondin", "south bend / michiana": "southbend", "terre haute": "terrehaute", "ames": "ames", "cedar rapids": "cedarrapids", "des moines": "desmoines", "dubuque": "dubuque", "fort dodge": "fortdodge", "iowa city": "iowacity", "mason city": "masoncity", "quad cities": "quadcities", "sioux city": "siouxcity", "southeast IA": "ottumwa", "waterloo / cedar falls": "waterloo", "lawrence": "lawrence", "manhattan": "ksu", "northwest KS": "nwks", "salina": "salina", "southeast KS": "seks", "southwest KS": "swks", "topeka": "topeka", "wichita": "wichita", "bowling green": "bgky", "eastern kentucky": "eastky", "lexington": "lexington", "louisville": "louisville", "owensboro": "owensboro", "western KY": "westky", "baton rouge": "batonrouge", "central louisiana": "cenla", "houma": "houma", "lafayette": "lafayette", "lake charles": "lakecharles", "monroe": "monroe", "new orleans": "neworleans", "shreveport": "shreveport", "maine": "maine", "annapolis": "annapolis", "baltimore": "baltimore", "eastern shore": "easternshore", "frederick": "frederick", "southern maryland": "smd", "western maryland": "westmd", "boston": "boston", "cape cod / islands": "capecod", "south coast": "southcoast", "western massachusetts": "westernmass", "worcester / central MA": "worcester", "ann arbor": "annarbor", "battle creek": "battlecreek", "central michigan": "centralmich", "detroit metro": "detroit", "flint": "flint", "grand rapids": "grandrapids", "holland": "holland", "jackson ": "jxn", "kalamazoo": "kalamazoo", "lansing": "lansing", "monroe ": "monroemi", "muskegon": "muskegon", "northern michigan": "nmi", "port huron": "porthuron", "saginaw-midland-baycity": "saginaw", "southwest michigan": "swmi", "the thumb": "thumb", "upper peninsula": "up", "bemidji": "bemidji", "brainerd": "brainerd", "duluth / superior": "duluth", "mankato": "mankato", "minneapolis / st paul": "minneapolis", "rochester ": "rmn", "southwest MN": "marshall", "st cloud": "stcloud", "gulfport / biloxi": "gulfport", "hattiesburg": "hattiesburg", "jackson": "jackson", "meridian": "meridian", "north mississippi": "northmiss", "southwest MS": "natchez", "columbia / jeff city": "columbiamo", "joplin": "joplin", "kansas city": "kansascity", "kirksville": "kirksville", "lake of the ozarks": "loz", "southeast missouri": "semo", "springfield": "springfield", "st joseph": "stjoseph", "st louis": "stlouis", "billings": "billings", "bozeman": "bozeman", "butte": "butte", "great falls": "greatfalls", "helena": "helena", "kalispell": "kalispell", "missoula": "missoula", "eastern montana": "montana", "grand island": "grandisland", "lincoln": "lincoln", "north platte": "northplatte", "omaha / council bluffs": "omaha", "scottsbluff / panhandle": "scottsbluff", "elko": "elko", "las vegas": "lasvegas", "reno / tahoe": "reno", "new hampshire": "nh", "central NJ": "cnj", "jersey shore": "jerseyshore", "north jersey": "newjersey", "south jersey": "southjersey", "albuquerque": "albuquerque", "clovis / portales": "clovis", "farmington": "farmington", "las cruces": "lascruces", "roswell / carlsbad": "roswell", "santa fe / taos": "santafe", "albany": "albany", "binghamton": "binghamton", "buffalo": "buffalo", "catskills": "catskills", "chautauqua": "chautauqua", "elmira-corning": "elmira", "finger lakes": "fingerlakes", "glens falls": "glensfalls", "hudson valley": "hudsonvalley", "ithaca": "ithaca", "long island": "longisland", "new york city": "newyork", "oneonta": "oneonta", "plattsburgh-adirondacks": "plattsburgh", "potsdam-canton-massena": "potsdam", "rochester": "rochester", "syracuse": "syracuse", "twin tiers NY/PA": "twintiers", "utica-rome-oneida": "utica", "watertown": "watertown", "asheville": "asheville", "boone": "boone", "charlotte": "charlotte", "eastern NC": "eastnc", "fayetteville": "fayetteville", "greensboro": "greensboro", "hickory / lenoir": "hickory", "jacksonville ": "onslow", "outer banks": "outerbanks", "raleigh / durham / CH": "raleigh", "wilmington": "wilmington", "winston-salem": "winstonsalem", "bismarck": "bismarck", "fargo / moorhead": "fargo", "grand forks": "grandforks", "north dakota": "nd", "akron / canton": "akroncanton", "ashtabula": "ashtabula", "athens ": "athensohio", "chillicothe": "chillicothe", "cincinnati": "cincinnati", "cleveland": "cleveland", "columbus": "columbus", "dayton / springfield": "dayton", "lima / findlay": "limaohio", "mansfield": "mansfield", "sandusky": "sandusky", "toledo": "toledo", "tuscarawas co": "tuscarawas", "youngstown": "youngstown", "zanesville / cambridge": "zanesville", "lawton": "lawton", "northwest OK": "enid", "oklahoma city": "oklahomacity", "stillwater": "stillwater", "tulsa": "tulsa", "bend": "bend", "corvallis/albany": "corvallis", "east oregon": "eastoregon", "eugene": "eugene", "klamath falls": "klamath", "medford-ashland": "medford", "oregon coast": "oregoncoast", "portland": "portland", "roseburg": "roseburg", "salem": "salem", "altoona-johnstown": "altoona", "cumberland valley": "chambersburg", "erie": "erie", "harrisburg": "harrisburg", "lancaster": "lancaster", "lehigh valley": "allentown", "meadville": "meadville", "philadelphia": "philadelphia", "pittsburgh": "pittsburgh", "poconos": "poconos", "reading": "reading", "scranton / wilkes-barre": "scranton", "state college": "pennstate", "williamsport": "williamsport", "york": "york", "rhode island": "providence", "charleston": "charleston", "columbia": "columbia", "florence": "florencesc", "greenville / upstate": "greenville", "hilton head": "hiltonhead", "myrtle beach": "myrtlebeach", "northeast SD": "nesd", "pierre / central SD": "csd", "rapid city / west SD": "rapidcity", "sioux falls / SE SD": "siouxfalls", "south dakota": "sd", "chattanooga": "chattanooga", "clarksville": "clarksville", "cookeville": "cookeville", "jackson  ": "jacksontn", "knoxville": "knoxville", "memphis": "memphis", "nashville": "nashville", "tri-cities": "tricities", "abilene": "abilene", "amarillo": "amarillo", "austin": "austin", "beaumont / port arthur": "beaumont", "brownsville": "brownsville", "college station": "collegestation", "corpus christi": "corpuschristi", "dallas / fort worth": "dallas", "deep east texas": "nacogdoches", "del rio / eagle pass": "delrio", "el paso": "elpaso", "galveston": "galveston", "houston": "houston", "killeen / temple / ft hood": "killeen", "laredo": "laredo", "lubbock": "lubbock", "mcallen / edinburg": "mcallen", "odessa / midland": "odessa", "san angelo": "sanangelo", "san antonio": "sanantonio", "san marcos": "sanmarcos", "southwest TX": "bigbend", "texoma": "texoma", "tyler / east TX": "easttexas", "victoria ": "victoriatx", "waco": "waco", "wichita falls": "wichitafalls", "logan": "logan", "ogden-clearfield": "ogden", "provo / orem": "provo", "salt lake city": "saltlakecity", "st george": "stgeorge", "vermont": "vermont", "charlottesville": "charlottesville", "danville": "danville", "fredericksburg": "fredericksburg", "hampton roads": "norfolk", "harrisonburg": "harrisonburg", "lynchburg": "lynchburg", "new river valley": "blacksburg", "richmond": "richmond", "roanoke": "roanoke", "southwest VA": "swva", "winchester": "winchester", "bellingham": "bellingham", "kennewick-pasco-richland": "kpr", "moses lake": "moseslake", "olympic peninsula": "olympic", "pullman / moscow": "pullman", "seattle-tacoma": "seattle", "skagit / island / SJI": "skagit", "spokane / coeur d'alene": "spokane", "wenatchee": "wenatchee", "yakima": "yakima", "charleston ": "charlestonwv", "eastern panhandle": "martinsburg", "huntington-ashland": "huntington", "morgantown": "morgantown", "northern panhandle": "wheeling", "parkersburg-marietta": "parkersburg", "southern WV": "swv", "west virginia (old)": "wv", "appleton-oshkosh-FDL": "appleton", "eau claire": "eauclaire", "green bay": "greenbay", "janesville": "janesville", "kenosha-racine": "racine", "la crosse": "lacrosse", "madison": "madison", "milwaukee": "milwaukee", "northern WI": "northernwi", "sheboygan": "sheboygan", "wausau": "wausau", "wyoming": "wyoming"}
